Specialism,VL,Rent,YTD_Pct
Homelessness,348306.69,2794952.51,0.12461989559887013
Learning Disabilities,104583.2,815955.73,0.12817263995437594
Mental Health,237615.15,2631977.01,0.09028010088887517
Young People,153609.21,1585014.2,0.09691345982894033
